Codigo;Descri豫o;Embalagem;EAN;Estoque
933;USO OBRIG PLUS 260 ML GRATIS MINI USO;UN;7898625792935;94,00;
934;SHAMPOO NO METAL EQUALIZER LT REFIL;UN;;0,00;
935;DEEP RECONSTRUCTION 500 ML REFIL;UN;;0,00;
936;INTENSIVE NUTRITION MIRACLE1000 ML REFIL;UN;;12,00;
937;LIPIDIC MIRACLE 650 ML REFIL;UN;;20,00;
938;SHAMPOO BIDIMENSIONAL MIRA 1000 ML REFIL;UN;;17,00;
939;SHAMPOO INFUSION 1000 ML REFIL;UN;;0,00;
940;CONDICIONADOR INFUSION 1000 ML REFIL;UN;;12,00;
941;CONDICIONADOR EQUILIBRIO 1000 ML REFIL;UN;;0,00;
942;SHAMPOO EQUILIBRIO 1000 ML REFIL;UN;;0,00;
943;SH NO METAL STOP DAMAGE LITRO;UN;7898625794441;17,00;
944;PROTECTOR FLUID STOP DAMAGE 500 ML;UN;7898625794434;17,00;
945;INTENSIVE MASK STOP DAMAGE 650 ML;UN;7898625792959;17,00;
946;TONALIZANTE 8.3 60G;UN;;-4,00;
947;TONALIZANTE 9.03 60G;UN;;-5,00;
948;COLORACAO 12.89 60G;UN;;-2,00;
949;TONALIZANTE 9.7 60 GR;UN;;0,00;
950;TONALIZANTE 7.72 60 GR;UN;;-4,00;
951;COLORACAO 7.72 60 GR;UN;;0,00;
974;MINIATURA COND USO OBRI  30 ML;UN;;288,00;
953;TONALIZANTE 9.72 60 GR;UN;;-5,00;
955;TONALIZANTE 7.23 60 GR;UN;;-3,00;
956;TONALIZANTE 8.72 60 GR;UN;;-5,00;
957;TONALIZANTE 9.34 60 GR;UN;;-5,00;
958;TONALIZANTE 8.35 60 GR;UN;;-5,00;
959;TONALIZANTE 6.73  60G;UN;;-5,00;
961;TONALIZANTE 5.73  60G;UN;;-2,00;
962;TONALIZANTE 6.34  60G;UN;;-1,00;
963;TONALIZANTE 7.34  60G;UN;;-6,00;
964;COLORACAO 7.34  60G;UN;;-2,00;
965;TONALIZANTE 6.43  60G;UN;;0,00;
966;COLORACAO 6.43 60G;UN;;-2,00;
967;TONALIZANTE 7.44  60G;UN;;-2,00;
968;COLORACAO 7.44  60G;UN;;0,00;
969;COLORACAO 7.43  60G;UN;;-1,00;
970;TONALIZANTE 66.62  60G;UN;;-1,00;
971;COLORACAO 66.62 60G;UN;;-3,00;
972;TONALIZANTE 6.64  60G;UN;;0,00;
973;COLORA플O 9.72 60 GR;UN;;0,00;
1;SHAMPOO EQUILIBRIO 300 ML;UN;7898947943084;75,00;
2;CONDICIONADOR EQUILIBIRIO 300 ML;UN;7898947943091;50,00;
3;SHAMPOO ULTRA HIDRATANTE 300 ML;UN;7898947943046;32,00;
4;CONDICIONADOR ULTRA HIDRATANTE 300 ML;UN;7898947943053;38,00;
5;SHAMPOO DISCIPLINANTE 300 ML;UN;7898947943060;0,00;
6;CONDICIONADOR DISCIPLINANTE 300 ML;UN;7898947943077;2,00;
7;MASCARA SPECIFIC 180 GR;UN;7898947943817;22,00;
8;MASCARA BLOND 180 GR;UN;7898947943800;14,00;
9;SHAMPOO COLOR 300 ML;UN;7898625790153;21,00;
10;CONDICIONADOR COLOR 300ML;UN;7898625790269;13,00;
11;SHAMPOO BLOND 300 ML;UN;7898352514114;20,00;
12;CONDICIONADOR BLOND 300 ML;UN;7898352514121;15,00;
13;SHAMPOO COLOR 1000 ML;UN;;0,00;
14;CONDICIONADOR COLOR 1000 ML;UN;;0,00;
15;SHAMPOO BLOND HAIR 1000 ML;UN;;0,00;
16;MASCARA BLOND LT;UN;;0,00;
17;SHAMPOO STRUCTURE 300 ML;UN;7898947943190;1,00;
18;CONDICIONADOR STRUCTURE 300 ML;UN;7898947943206;20,00;
19;SHAMPOO THERAPY 300 ML;UN;7898352514466;97,00;
20;SHAMPOO THERAPY 1000 ML;UN;7898352515302;16,00;
21;SHAMPOO ULTRA PLUS 300 ML;UN;7898947942308;41,00;
22;CONDICIONADOR ULTRA PLUS 300 ML;UN;7898947942315;39,00;
24;CONDICIONADOR MIRACLE SUMMER 300 ML;UN;7898947943183;5,00;
25;SHAMPOO CURLY 300 ML;UN;7898947942605;10,00;
26;CONDICIONADOR CURLY 300 ML;UN;7898947942582;16,00;
27;SHAMPOO ABRALE 300 ML;UN;;0,00;
28;CONDICIONADOR ABRALE 300 ML;UN;;0,00;
29;HAIR PROTECTOR 250 ML;UN;7898947943770;54,00;
30;USO OBRIGATORIO 260 ML;UN;7898947943848;197,00;
31;SHAMPOO BASIC 2400 ML;UN;78989347342285;24,00;
32;CONDICIONADOR BASIC 2400 ML;UN;7898947942292;9,00;
33;GEL 180 GR TRUSS;UN;7898352519164;4,00;
34;GLOSS SHINE 90 ML;UN;7898352512073;0,00;
35;REFIL DO GLOSS SHINE 60 ML;UN;;0,00;
36;FLUID SHINE 120 ML;UN;789625790405;12,00;
37;REFIL DO FLUID SHINE 130 ML;UN;;0,00;
38;CURLY LIGHT 250 ML;UN;7898947942568;-2,00;
39;CURLY FIX 250 ML;UN;7898947942551;-4,00;
40;SCULPT 500 ML;UN;7898352513353;35,00;
41;POMADA FIX 55 GR;UN;7898625790344;17,00;
42;POMADA LISS 55 GR;UN;;0,00;
43;FLUID FIX 250 ML;UN;7898352519157;38,00;
44;BRUSH QUERATINA 250 ML;UN;7898947943749;22,00;
45;BODY E VOLUME 250 ML;UN;7898947943732;14,00;
46;DAY BAY DAY 250 ML;UN;7898947943756;72,00;
47;ELASTIC FORM MOUSSE 160 ML;UN;;0,00;
48;INSTANT REPAIR 30 GR;UN;;0,00;
49;SCRUB TERAPY 170 GR;UN;7898352519348;0,00;
50;SHAMPOO ALEXANDRE HERCHOVIT 300 ML;UN;;0,00;
51;CONDICIONADOR ALEXANDRE HERCHOVIT 300 ML;UN;;0,00;
52;MASCARA ALEXANDRE HERCHOVIT 180 GR;UN;;0,00;
53;SHAMPOO MIRACLE 300 ML;UN;7898352519584;89,00;
54;CONDICIONADOR MIRACLE 300 ML;UN;7898352517979;-9,00;
55;MASCARA MIRACLE 180 GR;UN;7898947943794;55,00;
56;SHAMPOO DEEP CLEANING 1000 ML;UN;;0,00;
57;SHAMPOO BIDIMENSIONAL  1000 ML;UN;;0,00;
58;SHAMPOO ANTI-RESIDUO 1000 ML TRUSS;UN;;0,00;
59;LIPIDIC 650 ML;UN;;-3,00;
60;PROTEIC 650 ML;UN;;0,00;
61;INTESIVE NUTRITION 1000 ML;UN;;0,00;
62;PROTECTOR PLUS 650 ML;UN;;0,00;
63;VOLUME THERAPY 650 ML;UN;;0,00;
64;AMINO 250 ML;UN;;1,00;
65;QUERATINA TERMO ACTIVE 650 ML;UN;7898947343671;17,00;
66;SCRUB TERAPY ALEXANDRE HERCHOVIT 170 GR;UN;;0,00;
67;SHAMPOO DEEP CLEANIG ALEX.HERC.1000 ML;UN;;0,00;
68;SHAMPOO BIDIMENSIONAL ALEX.HERC.1000 ML;UN;;0,00;
69;SHAMPOO ANTI-RESIDUO ALEX.HERC.1000 ML;UN;;0,00;
70;LIPIDIC ALEX. HERC. 650 ML;UN;;0,00;
71;PROTEIC ALEX. HERC. 650 ML;UN;;0,00;
72;INTENSIVE NUTRITION ALEX.HERC.1000 ML;UN;;0,00;
73;PROTECTOR PLUS ALEX. HERC. 650 ML;UN;;0,00;
74;VOLUME THERAPY ALEX.HERC. 650 ML;UN;;0,00;
75;AMINO ALEX.HERC. 200 ML;UN;;0,00;
76;SHAMPOO BIDIMENSIONAL ABRALE 1000 ML;UN;;0,00;
77;LIPIDIC ABRALE 650 ML;UN;;0,00;
78;INTENSIVE NUTRITION ABRALE 1000 ML;UN;;0,00;
79;R.T. TRADICIONAL 300 GR;UN;;0,00;
80;R.T. BLOND 300 GR;UN;;0,00;
81;R.T.FORTE -300 GR;UN;;0,00;
82;R.T. EXTRA FORTE 300 GR;UN;;0,00;
83;R.T NEUTRALIZANTE 300 GR;UN;;0,00;
84;PRANCHA A VAPOR TRUSS;UN;;0,00;
85;COMPLEXO RECONSTRUTOR (3 AMP. 60ML CADA);UN;7898352513421;0,00;
86;SCRUB THERAPY MIRACLE 170 GR;UN;7898352519348;7,00;
87;SHAMPOO LIGHT CLEANSER MIRACLE 1000 ML;UN;;0,00;
88;SHAMPOO BIDIMENSIONAL MIRACLE 1000 ML;UN;7898352516996;15,00;
89;SHAMPOO CLARIFYING MIRACLE 1000 ML;UN;78983252516972;25,00;
90;LIPIDIC MIRACLE 650 ML;UN;7898947943893;5,00;
91;PROTEIC MIRACLE 650 ML;UN;78989479433879;8,00;
92;INTENSIVE NUTRITION MIRACLE 1000 ML;UN;7898352517009;8,00;
93;PROTECTOR PLUS MIRACLE 650 ML;UN;7898947943909;3,00;
94;VOLUME THERAPY MIRACLE 650 ML;UN;7898352517061;3,00;
95;AMINO MIRACLE 225 ML;UN;7898352517931;-22,00;
96;ATIVO PROTECTOR 650 ML;UN;;0,00;
97;GLAMOUR 1000 ML;UN;7898352518983;0,00;
98;TREND LISS 650 ML;UN;;0,00;
99;PO DESCOLORANTE BLANC 500 GR;UN;7898625790450;289,00;
100;AMPOLA H.COLOR CX COM 09 UNI;UN;7898625791044;14,00;
102;AMPOLA REPAIR C/ 4 UN.17 ML;UN;7898635791037;11,00;
103;MICRO ESFERA ESM. MIRACLE 45 ML;UN;;0,00;
104;CREME DEVELOPER 10 950 ML;UN;7898352510109;35,00;
105;CREME DEVELOPER 20  950 ML;UN;7898352510208;6,00;
106;CREME DEVELOPER 30  950 ML;UN;7898352510307;157,00;
107;CREME DEVELOPER 40 950 ML;UN;78983525104;-12,00;
108;COLORA플O 00S 60 GR;UN;7898352510840;0,00;
109;COLORA플O 0.1 60 GR;UN;7898352510871;29,00;
110;COLORA플O 0.2 60 GR;UN;;0,00;
111;COLORA플O 0.4 60 GR;UN;;0,00;
112;COLORA플O 0.6 60 GR;UN;;0,00;
113;COLORA플O 1.0  60 GR;UN;7898352519607;-22,00;
114;COLORA플O 3.0  60 GR;UN;7898352510314;20,00;
115;COLORA플O 4.0  60 GR;UN;7898352510321;-5,00;
116;COLORA플O 4.20  60GR;UN;7898352510703;0,00;
117;COLORA플O 4.56  60 GR;UN;7898352510543;18,00;
118;COLORA플O 5.0  60 GR;UN;7898352510338;376,00;
119;COLORA플O 5.20  60GR;UN;7898352510710;0,00;
120;COLORA플O 5.3  60GR;UN;7898352510451;47,00;
121;COLORA플O 5.47 60GR;UN;7898352510673;40,00;
122;COLORA플O 5.5  60GR;UN;789352510529;29,00;
123;COLORA플O 5.56 60GR;UN;7898352510550;0,00;
124;COLORA플O 5.62  60GR;UN;7898352510758;52,00;
125;COLORA플O 5.7  60GR;UN;7898352510611;69,00;
126;COLORA플O 55.62 60GR;UN;;0,00;
127;COLORA플O 6.0  60GR;UN;7898352510345;171,00;
128;COLORA플O 6.1  60GR;UN;7898352510390;-53,00;
129;COLORA플O 6.3  60GR;UN;7898352510468;19,00;
130;COLORA플O 6.4 60GR;UN;7898352510567;34,00;
131;COLORA플O 6.46 60GR *;UN;;0,00;
132;COLORA플O 6.47 60GR;UN;7898352510680;18,00;
133;COLORA플O 6.5 60GR;UN;;0,00;
134;COLORA플O 6.46 60GR;UN;;0,00;
135;COLORA플O 6.62 60GR;UN;;0,00;
136;COLORA플O 6.64 60GR;UN;;0,00;
137;COLORA플O 6.66 60GR;UN;7898352510727;8,00;
138;COLORA플O 6.7 60GR;UN;7898352510628;-1,00;
139;COLORA플O 6.77 60GR;UN;7898352510659;6,00;
140;COLORA플O 7.0 60GR;UN;7898352570352;299,00;
141;COLORA플O 7.1 60GR;UN;7898352510413;-20,00;
142;COLORA플O 7.3 60GR;UN;7898352510475;-4,00;
143;COLORA플O 7.4 60GR;UN;7898352510574;5,00;
144;COLORA플O 7.46 60GR;UN;;0,00;
145;COLORA플O 7.47 60GR;UN;7898352510697;33,00;
146;COLORA플O 7.66 60GR;UN;;0,00;
147;COLORA플O 7.7 60GR;UN;789852510635;78,00;
148;COLORA플O 7.89 60GR;UN;7898352510888;16,00;
149;COLORA플O 66.46 60GR;UN;;0,00;
150;COLORA플O 77.44 60GR;UN;;0,00;
151;COLORA플O 8.0 60GR;UN;7898352510369;15,00;
152;COLORA플O 8.1 60GR;UN;7898352510420;40,00;
153;COLORA플O 8.2 60GR;UN;7898352514886;4,00;
154;COLORA플O 8.3  60GR;UN;7898352510482;-1,00;
155;COLORA플O 8.31 60GR;UN;7898352510505;2,00;
156;COLORA플O 8.44 60GR;UN;7898352510581;14,00;
157;COLORA플O 8.7 60GR;UN;7898352510642;16,00;
158;COLORA플O 8.89 60GR;UN;7898352510895;15,00;
159;COLORA플O 9.0 60GR;UN;7898352510376;21,00;
160;COLORA플O 9.1 60GR;UN;7898352510437;37,00;
161;COLORA플O 9.12 60GR;UN;7898352514879;25,00;
162;COLORA플O 9.3 60GR;UN;7898352510499;12,00;
163;COLORA플O 9.31 60GR;UN;789352510512;18,00;
164;COLORA플O 9.89 60GR;UN;7898352510901;5,00;
165;COLORA플O 900 60GR;UN;;0,00;
166;COLORA플O 901 60GR;UN;7898352510819;26,00;
167;COLORA플O 902 60GR;UN;;0,00;
168;COLORA플O 989 60GR;UN;;0,00;
169;COLORA플O 10.0  60GR;UN;7898352510383;21,00;
170;COLORA플O 10.1  60GR;UN;7898352510444;21,00;
171;COLORA플O 10.2  60GR;UN;7898352514893;11,00;
340;COLORA플O 6.41 60GR;UN;7898352510666;6,00;
341;FILME PROTETOR DE MANCHA 60 GR;UN;7898352519942;12,00;
343;TREND LISS BLOND 650 ML;UN;;0,00;
344;KITT BOX MIRACLE;UN;;0,00;
399;MINI KIT LOUCAS POR TRUSS;UN;7898352519522;6,00;
499;HIGH LISS - NORMAL - 650ml;UN;7898352519676;0,00;
500;HIGH LISS - BLOND - 650ml;UN;7898352519683;0,00;
508;VALVULA;UN;;1010,00;
631;KITT BOX FOR MEN;UN;;0,00;
632;TONALIZANTE 1.0  60G;UN;7898352510956;12,00;
633;TONALIZANTE 3.0  60G;UN;7898352510963;12,00;
634;TONALIZANTE 4.0  60G;UN;789352510970;11,00;
635;TONALIZANTE 5.0  60G;UN;7898352510987;26,00;
636;TONALIZANTE 6.0  60G;UN;7898352510994;46,00;
637;TONALIZANTE 7.0  60G;UN;7898352511007;22,00;
638;TONALIZANTE 8.0  60G;UN;789835211038;38,00;
639;TONALIZANTE 6.1  60G;UN;7898352511069;31,00;
640;TONALIZANTE 7.1  60G;UN;7898352511076;-12,00;
641;TONALIZANTE 5.20  60G;UN;;0,00;
642;TONALIZANTE 6.3  60G;UN;7898352511090;29,00;
643;TONALIZANTE 9.31 60G;UN;7898352511106;37,00;
644;TONALIZANTE 6.4  60G;UN;;0,00;
645;TONALIZANTE 4.56  60G;UN;;0,00;
646;TONALIZANTE 6.66  60G;UN;7898352511267;1,00;
648;TONALIZANTE 66.46  60G;UN;;0,00;
649;TONALIZANTE 6.47  60G;UN;7898352511243;34,00;
650;TONALIZANTE 5.7  60G;UN;7898352511175;71,00;
651;TONALIZANTE 6.7  60G;UN;7898352511182;4,00;
652;TONALIZANTE 7.7  60G;UN;7898352511199;35,00;
653;TONALIZANTE 6.77  60G;UN;7898352511205;56,00;
654;TONALIZANTE 7.89  60G;UN;7898352511328;14,00;
655;TONALIZANTE 10.89  60 GR;UN;7898625790948;94,00;
656;TONALIZANTE 9.1 60G;UN;7898352517573;49,00;
780;KIT BARBER TRUSS;UN;;0,00;
781;POMADA FIX STRONG 55 GR;UN;7898625790351;13,00;
782;POMADA SHINE 55 GR;UN;7898625790337;0,00;
783;POMADA VOLUMIZING 10 GR;UN;7898625790276;0,00;
784;SHAMPOO MAN NATURE 300 ML;UN;7898947942780;7,00;
785;CONDICIONADOR MAN NATURE 300 ML;UN;7898947942797;18,00;
786;TONALIZANTE 11.11 60G;UN;7898625790986;62,00;
787;TONALIZANTE 11.2 60G;UN;7898625790962;62,00;
788;TONALIZANTE 11.21 60G;UN;7898625790979;86,00;
789;8 X POWDER 200 GR;UN;7898625790382;19,00;
824;PO DESCOLORANTE AIR.LIBRE 500 GR;UN;7898625790399;229,00;
825;NET MASK 550 GR;UN;7898947943718;33,00;
826;USO OBRIGATORIO BLOND 260 ML;UN;7898625791051;14,00;
827;SECANTE DE ESMALTE TRUSS 400 ML;UN;;0,00;
828;TONALIZANTE 0.11 60 GR;UN;7898625790504;0,00;
829;TONALIZANTE 0.0 CLEAR 60 GR;UN;;0,00;
830;TONALIZANTE 0.02 60 GR;UN;7898625790498;0,00;
831;TONALIZANTE 0.9 60 GR;UN;;0,00;
832;TONALIZANTE 0.8 60 GR;UN;;0,00;
833;INSTANT REPAIR 45 ML;UN;7898625790429;4,00;
834;SHAMPOO MIRACLE SUMMER 300 ML;UN;7898947943176;24,00;
835;INFUSION PROFISSIONAL 650 ML;UN;7898947943787;9,00;
836;NIGHT SPA 250 ML;UN;7898947943862;47,00;
837;USO OBRIGATORIO BLOND CHAMPAGNE  260 ML;UN;;0,00;
838;USO OBRIGATORIO COBRE 260 ML;UN;;0,00;
839;USO OBRIGATORIO MARROM FRIO 260 ML;UN;7898625790603;0,00;
840;USO OBRIGATORIO BEGE DOURADO 260 ML;UN;7898625790788;0,00;
841;USO OBRIGATORIO VERMELHO MARSALA 260 ML;UN;7898625790580;0,00;
842;USO OBRIGATORIO HERCH 260 ML;UN;;0,00;
844;SHAMPOO BLOND HERCH 300 ML;UN;;0,00;
845;SHAMPOO PERFECT 300 ML;UN;7898625790993;28,00;
846;CONDICIONADOR PERFECT 300 ML;UN;7898625790733;23,00;
847;CONDICIONADOR BLOND PERFECT 300 ML;UN;;0,00;
848;HAIR PROTECTOR HERCH 250 ML;UN;;0,00;
849;USO OBRIGATORIO MARROM QUENTE 260 ML;UN;7898625790597;0,00;
850;MASCARA PERFECT 180 GR;UN;7898947943831;21,00;
851;MASCARA BLOND HERCH 180 GR;UN;;0,00;
852;NET MASK 450 GR;UN;;0,00;
853;SHAMPOO INFUSION 300 ML;UN;7898625790863;100,00;
854;CONDICIONADOR INFUSION 300 ML;UN;789625790870;26,00;
855;TONALIZANTE 0.03 60 GR;UN;7898625790900;59,00;
856;TONALIZANTE 0.34 60 GR;UN;7898625790917;48,00;
857;TONALIZANTE 0.43 60 GR;UN;789865790894;43,00;
858;TONALIZANTE 8.73 60 GR;UN;7898625790955;117,00;
859;TONALIZANTE 10.3 60 GR;UN;7898625790924;82,00;
860;TONALIZANTE 10.72 60 GR;UN;7898625790931;46,00;
861;CREME DEVELOPER 06 950 ML;UN;7898625790887;16,00;
862;USO OBRIGATORIO SUMMER 260 ML;UN;7898947943824;96,00;
863;CURLY TWIST 650 ML;UN;78989947942575;11,00;
864;SHAMPOO CURLY LOW POO 300 ML;UN;7898947942599;0,00;
865;BEACH WAVES 260 ML;un;7898947942698;-7,00;
866;SHAMPOO NO METAL EQUALIZER LT;UN;7898947942711;2,00;
867;DEEP RECONSTRUCTION 500 ML;UN;7898947343763;32,00;
868;CAPSULAS COM 30 UN;UN;7898947942674;12,00;
869;CAPSULAS COM 90 UN;UN;7898947942650;0,00;
870;TONIC-FLUIDO DE CRESCIMENTO CAPILAR;UN;7898947942643;5,00;
871;PAPEL LAMINADO PEQUENO;UN;7898947942742;0,00;
872;AVENTAL TRUSS;UN;;0,00;
873;QUIMONO;UN;;8,00;
875;KIT FARMACY 90;UN;;0,00;
876;PAPEL LAMINADO GRANDE;UN;;0,00;
877;ALCOOL GEL 560 GR;UN;7898947943954;0,00;
878;ALCOOL LIQUIDO 500 ML;UN;7898947943947;0,00;
879;SHAMPOO VEGAN DETOX 300 ML;UN;7898947942735;0,00;
880;BOOSTER 100 ML;UN;7898947942728;6,00;
881;KIT BOOSTER;UN;7898941942728;0,00;
882;USO OBRIGATORIO OUTUBRO ROSA 260 ML;UN;7898625791204;0,00;
883;MASCARA MIRACLE SUMMER 180 GR;UN;7898702110027;14,00;
884;SHAMPOO DETOX DRY 150 ML;UN;7898702110003;1,00;
885;MINI USO OBRIGATORIO 30 ML;UN;7898947942094;-301,00;
886;ALCOOL 70 LIQUIDO  2.400 ML;UN;7898947943978;0,00;
887;MINI NET MASK TRUSS 30 GR;UN;7898947942766;95,00;
888;SHAMPOO EQUILIBRIO LA MODA 300 ML;UN;7898947943565;0,00;
889;CONDICIONADOR EQUILIBIRIO LA MODA 300 ML;UN;7898947943572;4,00;
890;SHAMPOO INFUSION LA MODA 300 ML;UN;7898947943558;0,00;
891;CONDICIONADOR INFUSION LA MODA 300 ML;UN;7898947943589;0,00;
892;DAY BAY DAY LA MODA 250 ML;UN;7898947943602;0,00;
893;HAIR PROTECTOR LA MODA 250 ML;UN;7898947943596;0,00;
894;NIGHT SPA LA MODA 250 ML;UN;;0,00;
895;INSTANT REPAIR LA MODA 30 GR;UN;;0,00;
896;NET MASK LA MODA 550 GR;UN;7898947943633;1,00;
897;USO OBRIGATORIO LA MODA 260 ML;UN;7898947943626;0,00;
898;MINI AMINO 30 ML;UN;7898947942902;-7,00;
899;MINI INFUSION 60 GR;UN;7898947943923;73,00;
900;KIT INFUSION ( SH+CON ) 300 ML;UN;7898702110669;0,00;
901;KIT EQUILIBRIO ( SH+CON ) 300 ML;UN;789870211683;0,00;
902;KIT PERFECT ( SH+CON ) 300 ML;UN;7898702110690;2,00;
903;SHAMPOO USO OBRIGATORIO PLUS 300 ML;UN;7898625791556;-5,00;
905;FRIZZ ZERO 260 ML;UN;7898625791532;16,00;
906;USO OBRIGATORIO PLUS 260 ML;UN;7898625791549;-3,00;
907;CONDICIONADOR USO OBRIGAT. PLUS 300 ML;UN;7898625792874;0,00;
908;MINIATURA SHAMPOO INFUSION 30 ML;UN;7898625791242;232,00;
909;MINIATURA CONDICIONADOR INFUSION 30 ML;UN;7898625791235;11,00;
910;MINI USO OBRIGATORIO SUMMER 30 ML;UN;7898702110010;185,00;
911;SHAMPOO USO OBRIGATORIO 300 ML;UN;7898625791631;-7,00;
912;CONDICIONADOR USO OBRIGATORIO 300 ML;UN;7898625791686;43,00;
913;MASCARA USO OBRIGATORIO 180 GR;UN;7898625791815;37,00;
914;MASCARA USO OBRIGATORIO PLUS 180 gr;UN;7898625791891;21,00;
915;MINI FRIZZ ZERO 30 ML;UN;;378,00;
916;KIT PROMOCIONAL USO OBRIGATORIO;UN;7898625792294;1,00;
917;KIT PROMOCIONAL USO OBRIGATORIO PLUS;UN;7898625792317;0,00;
918;KIT EQUILIBRIO 300 ML GRATIS MINI USO;UN;7898625792348;0,00;
919;SHAMPOO FRIZZ ZERO  300  ML;UN;7898625791808;14,00;
920;CONDICIONADOR FRIZZ ZERO  300  ML;UN;7898625791839;27,00;
921;KIT  FRIZZ ZERO  +  FRIZZ 260 ML;UN;7898625792355;38,00;
922;SHAMPOO EQUILIBRIO 1000 ML;UN;7898625791570;25,00;
923;CONDICIONADOR EQUILIBRIO 1000 ML;UN;7898625791600;45,00;
924;SHAMPOO INFUSION 1000 ML;UN;7898625791594;43,00;
925;CONDICIONADOR INFUSION 1000 ML;UN;7898625791624;6,00;
928;MINIATURA SHAMP USO OBRI 30 ML;UN;7898625791990;113,00;
929;MINIATURA COND USO OBRI PLUS 30 ML;UN;7898625791976;246,00;
930;ILLUMINATTE OIL 60 ML;UN;7898625792577;42,00;
931;SH USO OBRIG PLUS 300 ML GRATIS MINI SH;UN;7898625792881;76,00;
932;COND USO OBRI PLUS 300 ML GRATIS MINI CO;UN;7898625792874;66,00;
